agent,episode,val_RMSE,val_CORR,val_NSE_median,elapsed_s
normal,14,0.08207624405622482,0.3807505965232849,0.29114970564842224,3.8397023677825928
normal,28,0.08315439522266388,0.3643749952316284,0.19644078612327576,7.26768684387207
normal,42,0.08336292952299118,0.3611828684806824,0.19893339276313782,10.718613147735596
normal,56,0.08479729294776917,0.33901047706604004,0.09392818808555603,14.168822765350342
normal,70,0.08599342405796051,0.32023149728775024,0.030090272426605225,17.679165601730347
normal,84,0.08208880573511124,0.3805611729621887,0.2886519432067871,21.18878173828125
normal,98,0.08598526567220688,0.3203604221343994,0.03281128406524658,24.631620407104492
normal,112,0.08392588049173355,0.3525259494781494,0.1595589816570282,28.042110681533813
normal,126,0.08902902156114578,0.271392285823822,-0.06783735752105713,31.52133560180664
normal,140,0.09671562910079956,0.14014768600463867,-0.5798742175102234,34.94723653793335
normal,154,0.10460367798805237,-0.005829930305480957,-1.078824520111084,38.37370681762695
normal,168,0.08706383407115936,0.30320310592651367,-0.0062517523765563965,41.7744414806366
normal,182,0.08515199273824692,0.3334691524505615,0.0850217342376709,45.19991135597229
normal,196,0.0861588791012764,0.3176131248474121,0.03682655096054077,48.59527635574341
normal,210,0.09017736464738846,0.2524750828742981,-0.12667804956436157,51.994694232940674
normal,224,0.08399780094623566,0.351415753364563,0.16430869698524475,55.47958040237427
normal,238,0.08435625582933426,0.3458682894706726,0.12627053260803223,58.848706007003784
normal,252,0.09203871339559555,0.22129732370376587,-0.25854068994522095,62.305068016052246
normal,256,0.09965765476226807,0.08703958988189697,-0.7836494445800781,63.299246311187744
outlier,1,0.596237063407898,-0.25652098655700684,-1.8373429775238037,0.24362635612487793
outlier,2,0.6017633080482483,-0.279921293258667,-2.386237144470215,0.4810347557067871
outlier,3,0.6022245287895203,-0.28188419342041016,-2.3987181186676025,0.7314434051513672
outlier,4,0.5968842506408691,-0.259250283241272,-1.6969027519226074,0.980149507522583
outlier,5,0.6017649173736572,-0.2799280881881714,-2.3873510360717773,1.2200639247894287
outlier,6,0.5977486968040466,-0.2629004716873169,-1.8643842935562134,1.457411766052246
outlier,7,0.5971527099609375,-0.26038336753845215,-1.866182804107666,1.7033004760742188
outlier,8,0.5996860861778259,-0.2711002826690674,-2.2281017303466797,1.9446337223052979
outlier,9,0.5988930463790894,-0.2677406072616577,-2.01210355758667,2.189115285873413
outlier,10,0.6098264455795288,-0.3144509792327881,-3.0739800930023193,2.4300544261932373
outlier,11,0.6008005738258362,-0.2758293151855469,-2.298031806945801,2.6686956882476807
outlier,12,0.6034690737724304,-0.28718769550323486,-2.581829071044922,2.907374382019043
outlier,13,0.6010302901268005,-0.27680504322052,-2.3046228885650635,3.1450250148773193
outlier,14,0.6072540879249573,-0.30338525772094727,-2.9021620750427246,3.380216360092163
outlier,15,0.6069214940071106,-0.30195772647857666,-2.8891611099243164,3.624420404434204
outlier,16,0.6085442304611206,-0.3089292049407959,-2.9813060760498047,3.874616861343384
outlier,17,0.6197512149810791,-0.35758376121520996,-3.6515908241271973,4.126196622848511
outlier,18,0.6098254323005676,-0.31444644927978516,-2.9271979331970215,4.376438856124878
outlier,19,0.6339357495307922,-0.420438289642334,-4.394245147705078,4.611511707305908
outlier,20,0.622932493686676,-0.37155675888061523,-3.7910103797912598,4.8495001792907715
outlier,21,0.636382520198822,-0.4314241409301758,-4.711992263793945,5.093005657196045
outlier,22,0.678638756275177,-0.6278305053710938,-7.594509124755859,5.333238840103149
outlier,23,0.6586141586303711,-0.5331829786300659,-6.289287090301514,5.581003427505493
outlier,24,0.6680710911750793,-0.5775283575057983,-6.811284065246582,5.8238606452941895
