arm,suite,train_time_s,model,seq_len,seed,params,epochs,best_epoch,best_grid,val_RMSE,val_MAE,val_CORR,val_KGE,val_NSE_median,val_NSE_mean,test_RMSE,test_MAE,test_CORR,test_KGE,test_NSE_median,test_NSE_mean,n_train,n_eval,val_RMSE_persistence_same_subset,note,catboost_acc_val,outlier_frac_train
Persistence,baselines,0.0,Persistence,1,,,,,,0.1378592401742935,0.0244640577584505,0.3545467257499695,0.6890623418562529,0.5250909328460693,0.2292461544275283,0.1187952235341072,0.0246104877442121,0.4956397414207458,0.7361571750606394,0.4916159808635711,0.3883560597896576,,,,,,
SVR,baselines,60.93574380874634,SVR,24,,,,,,0.1377062121951379,0.0254005541159523,0.3559789520322713,0.6886839082659229,0.4768075949247758,-105.53122581610704,0.1186916492736465,0.0255777586344835,0.4965188430940478,0.7308111528538923,0.4323794951625375,-0.198254378898437,10000.0,,,,,
ARIMA,baselines,68.02716875076294,ARIMA,336,,,,,,0.2742651402950287,0.0319512672722339,-1.6415255069732666,-0.0404161257766564,0.6925941705703735,-0.7859939336776733,6.72831392288208,0.2036957740783691,-1377.799072265625,-35.19680245843524,0.7326277494430542,-65477.78125,,2000.0,0.1677673012018203,,,
KAN_L72,seqlen,88.23030138015747,KAN,72,42.0,319200.0,18.0,8.0,10.0,0.1205814778804779,0.0323425009846687,0.5061964988708496,0.6624422763620395,0.3388767540454864,-294.6242370605469,0.1100388690829277,0.035000417381525,0.5672519207000732,0.6776914989287457,0.3182584941387176,-13.176644325256348,,,,,,
RKAN_L72,seqlen,663.0502641201019,RKAN,72,42.0,43538.0,18.0,7.0,10.0,0.1048212945461273,0.0256600677967071,0.6268426179885864,0.6967483426028206,0.5309508442878723,-391.6007690429688,0.1033186540007591,0.0269677452743053,0.6184948682785034,0.6917818580057548,0.5201057195663452,-3.1412570476531982,,,,,,
FKAN_L72,seqlen,48.72538566589356,FKAN,72,42.0,4560073.0,18.0,17.0,100.0,0.1349865049123764,0.0280324183404445,0.3811666369438171,0.6902722262094461,0.4161158502101898,-4706.732421875,0.1171567440032959,0.0287551879882812,0.5094565153121948,0.7224600014518683,0.4147031605243683,-4.570674896240234,,,,,,
RFKAN_L72,seqlen,392.4561958312988,RFKAN,72,42.0,121611.0,18.0,11.0,20.0,0.1076438128948211,0.0268191657960414,0.6064760684967041,0.693437125931083,0.4919017553329468,-799.3187866210938,0.1052457466721534,0.0285265687853097,0.6041305065155029,0.6823345754081944,0.4783183932304382,-6.235352039337158,,,,,,
KAN_L2,seqlen,64.36852264404297,KAN,2,42.0,16200.0,18.0,6.0,5.0,0.1108744740486145,0.0263520702719688,0.5825003385543823,0.7086477927467624,0.4634051620960235,-528.2484130859375,0.10449680685997,0.0274361763149499,0.6097445487976074,0.7014241529888303,0.5000550150871277,-4.143117427825928,,,,,,
RKAN_L2,seqlen,84.5897228717804,RKAN,2,42.0,43538.0,18.0,7.0,10.0,0.105951227247715,0.0243747308850288,0.6187542676925659,0.6925165649669867,0.5177346467971802,-371.6097412109375,0.1047082245349884,0.0256077740341424,0.6081638336181641,0.687104641886169,0.5229843258857727,-3.574492216110229,,,,,,
FKAN_L2,seqlen,38.8708758354187,FKAN,2,42.0,360073.0,18.0,16.0,100.0,0.1115331277251243,0.0282715391367673,0.57752525806427,0.6847002871574548,0.4659856557846069,-1083.8692626953125,0.10594093054533,0.0297601576894521,0.5988835692405701,0.6724684946668458,0.4804129898548126,-10.018609046936035,,,,,,
RFKAN_L2,seqlen,63.17249917984009,RFKAN,2,42.0,61611.0,18.0,9.0,10.0,0.1091106235980987,0.0292385350912809,0.5956783294677734,0.6657998458648723,0.4421499669551849,-1377.0125732421875,0.1059100031852722,0.0302589107304811,0.5991177558898926,0.665928561663224,0.4894671142101288,-12.1618070602417,,,,,,
KAN_L12,seqlen,55.36904764175415,KAN,12,42.0,43200.0,18.0,6.0,5.0,0.1104078888893127,0.0273712705820798,0.5860068202018738,0.7300188091435882,0.4335812926292419,-676.1061401367188,0.1091689690947532,0.0339122302830219,0.5740669965744019,0.6990082550314431,0.3455713093280792,-18.548646926879883,,,,,,
RKAN_L12,seqlen,145.66536831855774,RKAN,12,42.0,43538.0,18.0,7.0,10.0,0.1064830645918846,0.0256514772772789,0.6149172186851501,0.6884358750171644,0.4760418236255646,-380.85736083984375,0.1037044450640678,0.0263597220182418,0.6156405210494995,0.7007787555036,0.5158472061157227,-3.032179117202759,,,,,,
FKAN_L12,seqlen,41.75620055198669,FKAN,12,42.0,960073.0,18.0,16.0,100.0,0.1207250207662582,0.0312747806310653,0.505020022392273,0.6939930084752941,0.3621430397033691,-2288.86181640625,0.1103014275431633,0.0341927930712699,0.5651843547821045,0.6947426241131827,0.3574672937393188,-28.135684967041016,,,,,,
RFKAN_L12,seqlen,119.1733922958374,RFKAN,12,42.0,61611.0,18.0,7.0,10.0,0.1105777621269226,0.0315442569553852,0.5847318172454834,0.7256571839076702,0.3656231164932251,-1704.277587890625,0.1064777597784996,0.0327605679631233,0.5948081016540527,0.7212384429944672,0.4008798599243164,-14.16098690032959,,,,,,
KAN_L24,seqlen,64.35405206680298,KAN,24,42.0,117600.0,18.0,9.0,10.0,0.113376073539257,0.0254131257534027,0.5634481906890869,0.6803169314308799,0.4979831278324127,-266.84088134765625,0.1064582541584968,0.028076073154807,0.594956636428833,0.699210761327432,0.4590851068496704,-5.691089153289795,,,,,,
RKAN_L24,seqlen,231.59323000907887,RKAN,24,42.0,43538.0,18.0,7.0,10.0,0.1059043332934379,0.0251013990491628,0.6190916895866394,0.7106121115776403,0.5071796774864197,-416.7629089355469,0.1027364507317543,0.0264403577893972,0.6227823495864868,0.7014809155489341,0.5313202142715454,-3.575232982635498,,,,,,
FKAN_L24,seqlen,52.07897138595581,FKAN,24,42.0,336073.0,18.0,12.0,20.0,0.1271308064460754,0.0309084374457597,0.4510983228683471,0.7049546534138678,0.3809166550636291,-3673.291259765625,0.1124609932303428,0.0347797237336635,0.5479913949966431,0.7175810718957466,0.3425002992153168,-30.612924575805664,,,,,,
RFKAN_L24,seqlen,181.8735728263855,RFKAN,24,42.0,121611.0,18.0,11.0,20.0,0.1093011870980262,0.0299307275563478,0.5942647457122803,0.6924690893092501,0.3944037556648254,-984.93310546875,0.1055858284235,0.030549481511116,0.6015680432319641,0.6839571433591118,0.448048323392868,-14.375861167907717,,,,,,
KAN_L168,seqlen,554.2577695846558,KAN,168,42.0,1238400.0,18.0,11.0,20.0,0.1262892335653305,0.0335589908063411,0.4583414196968078,0.705745586231928,0.2863736748695373,-539.4638061523438,0.1124897748231887,0.0359147079288959,0.547760009765625,0.7293967189341763,0.2921797037124634,-12.040777206420898,,,,,,
RKAN_L168,seqlen,6198.364685297012,RKAN,168,42.0,43538.0,18.0,7.0,10.0,0.105155237019062,0.0240360312163829,0.6244611740112305,0.7015631914669676,0.5313245058059692,-462.357666015625,0.1032624840736389,0.0258636754006147,0.6189095973968506,0.7020734364299539,0.5188047885894775,-3.7112843990325928,,,,,,
FKAN_L168,seqlen,67.85056734085083,FKAN,168,42.0,1032073.0,18.0,9.0,10.0,0.1379618048667907,0.0272334665060043,0.3535860776901245,0.6887760672179717,0.4381268620491028,-236.19940185546875,0.1189962178468704,0.0272870697081089,0.4939316511154175,0.735443453085849,0.4115698635578155,-0.7559993863105774,,,,,,
RFKAN_L168,seqlen,1058.1893117427826,RFKAN,168,42.0,121611.0,18.0,10.0,20.0,0.1075615212321281,0.0293665789067745,0.6070775389671326,0.7051392987964984,0.4214070737361908,-1519.501708984375,0.104934923350811,0.0304361246526241,0.6064653396606445,0.6979212261902767,0.4478633999824524,-10.501843452453612,,,,,,
RFKAN_L72_grid_ext,grid,528.2433042526245,RFKAN,72,42.0,121611.0,21.0,11.0,20.0,0.1076438128948211,0.0268191657960414,0.6064760684967041,0.693437125931083,0.4919017553329468,-799.3187866210938,0.1052457466721534,0.0285265687853097,0.6041305065155029,0.6823345754081944,0.4783183932304382,-6.235352039337158,,,,,,
RFKAN_L72_fixed_g3,grid,414.49828577041626,RFKAN,72,42.0,19611.0,18.0,8.0,3.0,0.1096492037177085,0.0345729030668735,0.5916768908500671,0.702049102369926,0.2655571699142456,-1545.37939453125,0.1070174500346183,0.0349230878055095,0.5906902551651001,0.7054084007461746,0.3741398155689239,-11.28119659423828,,,,,,
RFKAN_L72_fixed_g100,grid,469.4371671676636,RFKAN,72,42.0,601611.0,18.0,4.0,100.0,0.1404808610677719,0.0407153628766536,0.3297646641731262,0.6793238873812224,0.1834708750247955,-5355.56787109375,0.1219670474529266,0.040601972490549,0.468347430229187,0.7268025521279283,0.2356656789779663,-25.426528930664062,,,,,,
RFKAN_L72_nodecay,grid,393.9131484031677,RFKAN,72,42.0,31611.0,18.0,4.0,5.0,0.1136321499943733,0.0313054546713829,0.5614739060401917,0.6759274492146705,0.4037218391895294,-2348.352783203125,0.1070822849869728,0.0320314094424247,0.5901941657066345,0.6436704000962041,0.4456644654273987,-11.806861877441406,,,,,,
ELM,baselines,0.4472815990447998,ELM,24,,,,,,0.1583553701639175,0.0810580402612686,0.1483550071716308,0.2322742156705312,-1.2755019664764404,-22650.662109375,0.1422742456197738,0.0716530010104179,0.2765717506408691,0.6078324667834434,-0.4086539149284363,-275.249267578125,,,,,,
LSTM,baselines,326.8740200996399,LSTM,72,42.0,93808.0,18.0,11.0,,0.1021164804697036,0.0231141727417707,0.6458521485328674,0.6878552584663071,0.5872640609741211,-213.12779235839844,0.1011655181646347,0.0241432208567857,0.6342301368713379,0.6804733702462009,0.5692312121391296,-3.4056925773620605,,,,,,
GRU,baselines,318.28660893440247,GRU,72,42.0,72176.0,18.0,13.0,,0.1027672812342643,0.0244461223483085,0.6413236856460571,0.712083905532002,0.5343432426452637,-386.6807861328125,0.1015270203351974,0.025064930319786,0.6316114068031311,0.6985842499915244,0.534629225730896,-4.6952080726623535,,,,,,
TCN,baselines,272.7930681705475,TCN,72,42.0,67120.0,18.0,15.0,,0.1050535514950752,0.0270236860960721,0.6251871585845947,0.6786446593493309,0.5141544938087463,-522.7186279296875,0.1031713187694549,0.0285118632018566,0.6195821762084961,0.6577246874882038,0.5180312395095825,-6.65589714050293,,,,,,
RFKAN_L72_seed1,seeds,320.0676031112671,RFKAN,72,1.0,61611.0,18.0,9.0,10.0,0.1089897379279136,0.0304676089435815,0.5965737104415894,0.6745117182627515,0.3921181559562683,-1032.1707763671875,0.1060979217290878,0.0337609834969043,0.5976938605308533,0.6698176201680168,0.38178750872612,-19.458829879760746,,,,,,
LSTM_seed1,seeds,332.28050994873047,LSTM,72,1.0,93808.0,18.0,17.0,,0.101852960884571,0.0250836256891489,0.6476775407791138,0.713592534298479,0.5358655452728271,-317.9031982421875,0.1011384725570678,0.0258071850985288,0.634425699710846,0.7097267068600235,0.5469740629196167,-3.4242961406707764,,,,,,
RFKAN_L72_seed2,seeds,427.1416621208191,RFKAN,72,2.0,61611.0,18.0,7.0,10.0,0.1101504862308502,0.0292775481939315,0.5879349708557129,0.7188859945452195,0.4169083833694458,-2267.003662109375,0.1065452545881271,0.0316587314009666,0.5942943096160889,0.7035440144808343,0.4148039221763611,-12.25568675994873,,,,,,
LSTM_seed2,seeds,331.4587576389313,LSTM,72,2.0,93808.0,18.0,8.0,,0.1378529667854309,0.0246066208928823,0.3546055555343628,0.6896922378728821,0.5058082342147827,-12.11545753479004,0.118809200823307,0.0247508119791746,0.4955210089683532,0.7349596180930849,0.4827093183994293,0.324928730726242,,,,,,
RFKAN_L72_seed3,seeds,430.8811755180359,RFKAN,72,3.0,61611.0,18.0,9.0,10.0,0.1086752116680145,0.0326781868934631,0.5988988280296326,0.7016835728642988,0.3386261165142059,-2603.630126953125,0.1053517162799835,0.0330246984958648,0.6033329367637634,0.6988533628932663,0.4054148495197296,-18.386615753173828,,,,,,
LSTM_seed3,seeds,335.9684739112854,LSTM,72,3.0,93808.0,18.0,8.0,,0.137851282954216,0.0246112830936908,0.3546212911605835,0.689701360971473,0.5080946087837219,-12.499342918395996,0.1188117712736129,0.0247568171471357,0.4954992532730102,0.7349193735525079,0.483491450548172,0.3220918774604797,,,,,,
KAN_L336,seqlen,1460.47718501091,KAN,336,42.0,2448000.0,18.0,12.0,20.0,0.128214493393898,0.0359251946210861,0.4417005777359009,0.6421231547925386,0.2459277510643005,-835.5689086914062,0.1126086935400962,0.0349027402698993,0.54680335521698,0.6872231596017064,0.3454017043113708,-10.17403793334961,,,,,,
RKAN_L336,seqlen,4842.803462505341,RKAN,336,42.0,43538.0,15.0,7.0,10.0,0.1052680313587188,0.0257010851055383,0.6236551403999329,0.6977229323226237,0.5223720669746399,-601.8557739257812,0.1034474000334739,0.0269966386258602,0.6175435185432434,0.6979611482054626,0.5141163468360901,-3.943779230117798,,,,detenido en epoca 16/18 por OOM (grilla 100); mejor checkpoint,,
FKAN_L336,seqlen,113.1035017967224,FKAN,336,42.0,20400073.0,18.0,16.0,100.0,0.1379580944776535,0.0272000804543495,0.3536207675933838,0.6882325591361678,0.4419531524181366,-244.3070068359375,0.1189044043421745,0.0272780079394578,0.494712233543396,0.7360183739365109,0.4133990705013275,-0.7954314947128296,,,,,,
RFKAN_L336,seqlen,2066.3327922821045,RFKAN,336,42.0,121611.0,18.0,11.0,20.0,0.1083313003182411,0.0278692338615655,0.6014333963394165,0.6836543761392007,0.4851832687854767,-1060.1201171875,0.1059267818927764,0.0292215123772621,0.5989906787872314,0.6724357973421844,0.4851807653903961,-9.754197120666504,,,,,,
Informer,advanced,2137.135793209076,Informer,96,42.0,11337217.0,18.0,17.0,,0.1098876520991325,0.0272966045886278,0.5898990631103516,0.6872636317022355,0.517802357673645,-274.6816711425781,0.1031863838434219,0.028422025963664,0.6194710731506348,0.6817861872598135,0.5328256487846375,-2.8917007446289062,,,,,,
LSTM_L2,seqlen_base,330.9819841384888,LSTM,2,42.0,93808.0,18.0,8.0,,0.1061916947364807,0.0213011130690574,0.6170217394828796,0.692095575122665,0.5823599696159363,-45.91233444213867,0.1050618737936019,0.022558307275176,0.6055124998092651,0.6767161196690549,0.553030788898468,-0.1289137005805969,,,,,,
GRU_L2,seqlen_base,307.7525887489319,GRU,2,42.0,72176.0,18.0,15.0,,0.1054874509572982,0.0225331578403711,0.6220846176147461,0.6667045965730334,0.5865174531936646,-96.67098236083984,0.1059457287192344,0.0238620527088642,0.5988472700119019,0.6567551075957618,0.5467449426651001,-0.5670539140701294,,,,,,
TCN_L2,seqlen_base,216.8709213733673,TCN,2,42.0,34352.0,18.0,15.0,,0.1050983816385269,0.0228032376617193,0.6248672008514404,0.6441978740050991,0.5939660668373108,-134.5229034423828,0.1059984415769577,0.0240273829549551,0.5984479188919067,0.6373910434841099,0.5504251718521118,-0.8462474942207336,,,,,,
LSTM_L12,seqlen_base,266.4643054008484,LSTM,12,42.0,93808.0,18.0,17.0,,0.1033779829740524,0.0245973076671361,0.6370481252670288,0.6979651797649848,0.5371381640434265,-215.00637817382807,0.1030612289905548,0.0256019402295351,0.6203936338424683,0.6956605474773476,0.5438555479049683,-2.3746867179870605,,,,,,
GRU_L12,seqlen_base,258.2761070728302,GRU,12,42.0,72176.0,18.0,12.0,,0.1044230535626411,0.0226014927029609,0.6296727061271667,0.7217952624547803,0.5752032399177551,-204.822982788086,0.1027230247855186,0.0240076873451471,0.6228809356689453,0.7121879871585859,0.5409280061721802,-2.594198226928711,,,,,,
TCN_L12,seqlen_base,221.8191294670105,TCN,12,42.0,38448.0,18.0,4.0,,0.1063680946826934,0.0282559059560298,0.6157482862472534,0.6811394760632903,0.4671279788017273,-299.08697509765625,0.1050077155232429,0.0296125318855047,0.6059191226959229,0.6786116918106342,0.4722100496292114,-4.725808620452881,,,,,,
LSTM_L24,seqlen_base,269.7960116863251,LSTM,24,42.0,93808.0,18.0,17.0,,0.1015990301966667,0.0232364721596241,0.6494321227073669,0.6964744128537175,0.5871291160583496,-171.46505737304688,0.1019816622138023,0.0242427382618188,0.6283047199249268,0.6885041895303041,0.5679022073745728,-1.6758772134780884,,,,,,
GRU_L24,seqlen_base,259.0221168994904,GRU,24,42.0,72176.0,18.0,15.0,,0.1019516810774803,0.0218056701123714,0.6469942331314087,0.7215553407126001,0.5952097177505493,-156.6150360107422,0.1022117435932159,0.0231426004320383,0.626625657081604,0.7079223827634269,0.5728834867477417,-2.7788093090057373,,,,,,
TCN_L24,seqlen_base,221.7842333316803,TCN,24,42.0,42544.0,18.0,16.0,,0.1049181297421455,0.0301096234470605,0.6261528134346008,0.6733493499966539,0.4200724363327026,-612.5684814453125,0.1045370399951934,0.0313517041504383,0.6094440221786499,0.6612186124283576,0.4357321262359619,-7.3586273193359375,,,,,,
LSTM_L168,seqlen_base,289.5113215446472,LSTM,168,42.0,93808.0,18.0,8.0,,0.137851282954216,0.0246112830936908,0.3546212911605835,0.689701360971473,0.5080946087837219,-12.499342918395996,0.1188117712736129,0.0247568171471357,0.4954992532730102,0.7349193735525079,0.483491450548172,0.3220918774604797,,,,,,
GRU_L168,seqlen_base,326.0266523361206,GRU,168,42.0,72176.0,18.0,11.0,,0.101724661886692,0.0239693280309438,0.6485645771026611,0.7072761700765955,0.542461633682251,-338.6513061523437,0.1011388227343559,0.0247168112546205,0.6344231367111206,0.6957508435016337,0.5703299045562744,-4.391075611114502,,,,,,
TCN_L168,seqlen_base,255.8913209438324,TCN,168,42.0,116272.0,18.0,14.0,,0.1058781519532203,0.0336503274738788,0.6192799806594849,0.6338093231221055,0.3742765486240387,-1801.720703125,0.1057803034782409,0.0350231193006038,0.6000989675521851,0.6412764016295593,0.4144873917102813,-34.14686584472656,,,,,,
WVS,advanced,4202.058612346649,WVS,96,42.0,39865.0,18.0,13.0,,0.108695238828659,0.0223499294370412,0.5987509489059448,0.6619513364660481,0.5982059240341187,-211.1457672119141,0.1060654371976852,0.0235996004194021,0.59794020652771,0.6305319303884231,0.5657724142074585,-0.8054552674293518,,,,,,
TACDPG,advanced,69.13153624534607,TACDPG,72,42.0,393696.0,,,,0.1393023133277893,0.035023897886276245,0.3409631848335266,0.6831589430254426,0.2922719717025757,-1980.5787353515625,0.1205311194062233,0.034931156784296036,0.48079216480255127,0.7297427687570496,0.3005165457725525,-9.661093711853027,,,,,0.9301620549002315,0.08571259842519685
