epoch,grid,train_mse_norm,train_rmse_mmh,val_RMSE,val_MAE,val_CORR,val_KGE,val_NSE_median,val_NSE_mean,epoch_time_s,elapsed_s
1,3,2.1588933040945647e-05,0.12695820290706966,0.13785924017429352,0.024464068934321404,0.3545467257499695,0.6890623364737317,0.5250909328460693,0.22924678027629852,4.112335681915283,4.385909080505371
2,3,2.141949292812679e-05,0.12645900761694223,0.13785924017429352,0.024464068934321404,0.3545467257499695,0.689062344467904,0.5250909924507141,0.2292470484972,3.611330509185791,8.266690969467163
3,3,2.1419493025919725e-05,0.12645900790562314,0.13785924017429352,0.024464068934321404,0.3545467257499695,0.6890623361352946,0.5250909328460693,0.22924655675888062,3.34379243850708,11.865596055984497
4,5,2.1415964722618178e-05,0.12644859206360382,0.13785924017429352,0.024504853412508965,0.3545469045639038,0.6890626794226751,0.52508944272995,0.22868819534778595,4.162506103515625,18.84996247291565
5,5,2.1423025338441138e-05,0.1264694347238933,0.13785690069198608,0.024469789117574692,0.3545686602592468,0.6890676131880467,0.5227234363555908,0.22032147645950317,4.0371994972229,23.178765296936035
6,5,2.1420738295678704e-05,0.12646268383972145,0.13785924017429352,0.024464106187224388,0.3545467257499695,0.689062340837439,0.5250909328460693,0.2292434573173523,4.037966728210449,27.50730538368225
7,10,2.0580911243432432e-05,0.1239588323123876,0.13353194296360016,0.027863027527928352,0.394431471824646,0.6865061164319575,0.4528631865978241,-149.1925048828125,6.19525933265686,36.96831774711609
8,10,1.9079866611511066e-05,0.11935286371137759,0.13159988820552826,0.03243783488869667,0.41182833909988403,0.6732518997230601,0.37462154030799866,-498.1498718261719,6.113167762756348,43.50369358062744
9,10,1.794056327078445e-05,0.1157345996857656,0.1304134577512741,0.038794487714767456,0.4223858714103699,0.5808540649556981,0.23758608102798462,-930.740966796875,6.113762140274048,50.04003381729126
10,20,1.7099879021664553e-05,0.11299043889663703,0.1289462149143219,0.03386078402400017,0.43530988693237305,0.6602640766749736,0.33016660809516907,-566.7919311523438,10.077468156814575,68.68155813217163
11,20,1.627785687109164e-05,0.11024116381108977,0.12841877341270447,0.03551718592643738,0.43992000818252563,0.637491656048846,0.2810205817222595,-834.3710327148438,9.99023723602295,82.82512283325195
12,20,1.5542741925468596e-05,0.10772313766206781,0.128214493393898,0.03592519462108612,0.4417005777359009,0.6421231547925386,0.24592775106430054,-835.5689086914062,10.012213230133057,97.01481604576111
13,50,1.4980224173155473e-05,0.1057558336176985,0.12962321937084198,0.040044888854026794,0.4293646812438965,0.6022814945723007,0.15696871280670166,-1184.5968017578125,22.821833848953247,252.1290340423584
14,50,1.4364915678556825e-05,0.10356111489122997,0.13041144609451294,0.041319649666547775,0.4224036931991577,0.6051717328478636,0.11446046829223633,-1044.1162109375,25.59717845916748,397.9167227745056
15,50,1.3843220189122407e-05,0.1016631916750548,0.1309613436460495,0.042815811932086945,0.4175223708152771,0.588327227661267,0.07724902033805847,-1003.8314208984375,25.504710912704468,544.4668123722076
16,100,1.352993225088215e-05,0.10050623110852773,0.13187845051288605,0.0440501905977726,0.40933579206466675,0.5806243745424944,0.06804141402244568,-1551.31103515625,44.207855224609375,879.894467830658
17,100,1.3111820717530412e-05,0.09894108711213713,0.13267548382282257,0.0456429049372673,0.40217459201812744,0.5650592209477285,0.026448994874954224,-1345.6689453125,44.65073537826538,1170.0095825195312
18,100,1.2768729910762369e-05,0.09763803421853058,0.13305416703224182,0.046276193112134933,0.39875710010528564,0.5606165524081897,0.016836166381835938,-1421.9527587890625,43.97654485702515,1459.512069940567
